{
  "bot_states": [
    {
      "ID": 0,
      "direction": -0.78539818525314331,
      "state": {},
      "x_position": 236.25387057605306,
      "y_position": 19.790110758722321
    },
    {
      "ID": 1,
      "direction": 0.47123894095420837,
      "state": {},
      "x_position": 254.82670693315504,
      "y_position": -10.66326501839441
    },
    {
      "ID": 2,
      "direction": 1.7278760671615601,
      "state": {},
      "x_position": 226.66667175292969,
      "y_position": -41.333332061767578
    },
    {
      "ID": 3,
      "direction": 2.9845130443572998,
      "state": {},
      "x_position": 192.0,
      "y_position": -25.333333969116211
    },
    {
      "ID": 4,
      "direction": 4.2411503791809082,
      "state": {},
      "x_position": 203.30958600837158,
      "y_position": 7.2966176899082953
    }
  ],
  "ticks": 3344
}