{
    "botName" : "follow bot",
    "randSeed" : 1,
    "nBots" : 5,
    "formation": "circle",
    "timeStep" : 0.0416666,
    "simulationTime" : 0,
    "commsRadius" : 70,
    "showCommsRadius" : 1,
    "showComms" : 1,
    "distributePercent" : 0.9,
    "displayWidth"  : 800,
    "displayHeight" : 550,
    "displayScale"  : 0.75,
    "showHist" : 1,
    "histLength": 10500,
    "storeHistory": 1,
    "imageName" : "./movie/f%04d.bmp",
    "saveVideo" :  0,
    "saveVideoN" : 1,
    "stepsPerFrame" : 1,
    "finalImage" : null,
    "stateFileName" : "simstates.json",
    "stateFileSteps" : 0,
    "colorscheme" : "bright",
    "GUI"  : 1,
    "msgSuccessRate" : 0.8,
    "distanceNoise" : 2
}
